Movie_Title,Budget_M,Runtime_Min,Critic_Score,Rating,Success
Movie_0,107,108,49,6.160940993109575,0
Movie_1,184,115,65,6.686534909528193,1
Movie_2,97,92,25,5.036009697804878,0
Movie_3,19,111,56,3.638896945282581,0
Movie_4,111,150,43,3.957980908329244,0
Movie_5,76,138,65,7.052666104693346,1
Movie_6,193,165,72,7.77137076493912,1
Movie_7,25,107,79,8.124211393532637,1
Movie_8,107,145,82,8.106563285150985,1
Movie_9,126,121,51,1.8208549274382133,0
Movie_10,215,124,52,5.449782742323233,0
Movie_11,219,141,86,1.5180288401497986,0
Movie_12,79,136,37,5.94575994091362,0
Movie_13,207,85,44,4.973774512360393,0
Movie_14,92,107,73,8.989337644824698,1
Movie_15,121,107,77,4.158235112968708,0
Movie_16,104,123,86,2.053603147848453,0
Movie_17,108,163,65,2.2869251384755227,0
Movie_18,156,109,43,7.85359568545725,0
Movie_19,135,141,51,6.56396256984635,1
Movie_20,154,154,66,1.9101040851051123,0
Movie_21,57,171,42,1.756961255034977,0
Movie_22,6,168,85,7.30872218313208,1
Movie_23,92,141,46,1.6548670572777417,0
Movie_24,240,176,21,8.396740533613206,0
Movie_25,162,80,36,7.3561800444084655,0
Movie_26,42,106,52,1.7321390257770979,0
Movie_27,134,141,28,1.7635394267667273,0
Movie_28,196,156,62,9.87975620651058,1
Movie_29,192,82,67,4.368437161805083,0
Movie_30,25,149,58,4.335779323602019,0
Movie_31,165,151,61,8.315196105317522,1
Movie_32,208,106,45,9.525237196454729,0
Movie_33,62,88,69,9.874009574405838,1
Movie_34,26,141,44,7.780403667330475,0
Movie_35,240,116,43,4.386336269778242,0
Movie_36,93,176,32,1.7515064502880189,0
Movie_37,53,130,79,7.994322243346931,1
Movie_38,223,123,26,6.025638247622245,0
Movie_39,63,103,76,4.817998083222786,0
Movie_40,174,158,55,9.157189465852625,1
Movie_41,224,138,64,2.000777340755362,0
Movie_42,192,111,39,5.433625938617732,0
Movie_43,212,175,84,1.1021828029067717,0
Movie_44,19,167,27,5.217945777947136,0
Movie_45,194,131,35,1.5067294811365362,0
Movie_46,194,141,33,2.0693612464126474,0
Movie_47,179,137,95,2.057736220993944,0
Movie_48,194,131,34,6.842892719044572,0
Movie_49,55,91,85,7.71440391338881,1
Movie_50,112,118,51,6.250318885874437,1
Movie_51,59,81,82,9.659552936270877,1
Movie_52,248,82,70,4.373835215713337,0
Movie_53,68,135,44,3.571408776536747,0
Movie_54,135,160,77,8.817392153705143,1
Movie_55,233,138,82,3.0123625466750736,0
Movie_56,55,81,81,9.669002854965502,1
Movie_57,139,81,41,1.109390272208347,0
Movie_58,25,171,77,9.728909440368751,1
Movie_59,77,133,77,1.388439207555185,0
Movie_60,171,166,68,9.02028802328264,1
Movie_61,22,175,71,5.749309981776698,0
Movie_62,136,176,61,9.936683165073703,1
Movie_63,93,80,89,1.6641690826185898,0
Movie_64,64,98,34,5.984688559611887,0
Movie_65,18,81,73,9.72372282057189,1
Movie_66,246,132,79,5.707880597531339,0
Movie_67,13,123,27,6.664587743217362,0
Movie_68,94,169,72,7.261738200861554,1
Movie_69,57,111,79,5.090869582909959,0
Movie_70,134,149,24,6.648022720756571,0
Movie_71,88,111,87,6.258828807307902,1
Movie_72,96,147,25,9.110422094418901,0
Movie_73,115,134,66,1.409017423073121,0
Movie_74,192,154,74,3.528668706330073,0
Movie_75,203,135,59,9.553703356689029,1
Movie_76,176,96,71,9.012374055018247,1
Movie_77,12,117,35,5.100910775071417,0
Movie_78,179,103,32,6.581193380213831,0
Movie_79,39,148,49,3.496430646830194,0
Movie_80,210,177,38,2.6930904375138516,0
Movie_81,85,149,36,5.173285644459839,0
Movie_82,168,165,82,4.180170052234475,0
Movie_83,54,90,38,6.252905006657849,0
Movie_84,108,95,77,1.6996117326848634,0
Movie_85,136,176,74,9.769553268995498,1
Movie_86,6,152,81,9.875896700316426,1
Movie_87,138,138,42,7.2834554261777065,0
Movie_88,58,149,28,5.824867297097083,0
Movie_89,110,159,31,3.78574854657695,0
Movie_90,8,172,20,8.324155177362538,0
Movie_91,58,82,77,7.162580552984913,1
Movie_92,225,99,20,2.463552454104022,0
Movie_93,195,138,53,9.198344660444583,1
Movie_94,150,115,67,8.402835186308522,1
Movie_95,222,98,20,9.548199219627316,0
Movie_96,48,169,35,7.531475575495239,0
Movie_97,166,146,80,6.520736763422109,1
Movie_98,206,98,83,4.76418732661557,0
Movie_99,194,99,82,9.39455635018612,1
Movie_100,232,175,88,8.794575005503674,1
Movie_101,18,150,41,1.4069680309557047,0
Movie_102,99,131,86,1.2373027704752682,0
Movie_103,52,112,95,4.388170301902447,0
Movie_104,19,119,45,8.294979977036496,0
Movie_105,204,118,35,9.8854851638345,0
Movie_106,210,161,70,2.3537520199317536,0
Movie_107,219,80,76,6.347176438169216,1
Movie_108,194,90,48,4.428017709679194,0
Movie_109,44,171,97,9.72922958033143,1
Movie_110,217,136,88,8.579070308221379,1
Movie_111,212,168,66,8.54495834240024,1
Movie_112,241,129,81,5.218238438154732,0
Movie_113,86,102,88,4.733375521038987,0
Movie_114,115,110,95,3.4606636473763563,0
Movie_115,57,173,35,1.507379469858344,0
Movie_116,28,121,67,8.782501386295479,1
Movie_117,158,178,58,8.316109082170698,1
Movie_118,221,86,52,9.997459059575176,1
Movie_119,192,95,42,9.969731533665149,0
Movie_120,128,169,29,5.998885350423647,0
Movie_121,241,139,88,7.9208867366245945,1
Movie_122,45,81,53,9.502891568941852,1
Movie_123,161,80,71,8.646826516096702,1
Movie_124,19,127,29,3.226132915688779,0
Movie_125,49,91,38,5.054897217790842,0
Movie_126,69,148,77,2.162434736363455,0
Movie_127,93,116,20,9.586459245328502,0
Movie_128,75,111,88,6.455571710057921,1
Movie_129,13,88,23,3.0577852495311646,0
Movie_130,92,178,35,7.045306159652711,0
Movie_131,133,98,43,6.5631541641210625,0
Movie_132,240,127,99,4.223464462295564,0
Movie_133,140,159,21,2.022018329796661,0
Movie_134,220,82,51,7.044158760335196,1
Movie_135,67,99,43,5.68276930813414,0
Movie_136,143,103,31,7.950865525620754,0
Movie_137,247,133,69,5.68147151000794,0
Movie_138,85,112,54,8.669633502866862,1
Movie_139,140,103,52,5.9671615489703695,0
Movie_140,167,154,52,6.0484417438184765,1
Movie_141,167,151,80,8.889882423925105,1
Movie_142,37,115,70,4.631345795911574,0
Movie_143,127,117,62,2.2061370560557667,0
Movie_144,9,163,31,1.2590440868200508,0
Movie_145,238,178,86,7.796235301062571,1
Movie_146,235,168,84,6.582785962181182,1
Movie_147,45,178,52,7.336717912893012,1
Movie_148,32,104,59,2.9166774535801965,0
Movie_149,139,172,93,2.2273432802809277,0
Movie_150,205,97,62,1.1309019910109375,0
Movie_151,76,161,63,4.155288029259372,0
Movie_152,16,145,48,6.309259181691698,0
Movie_153,166,133,32,4.530196405897591,0
Movie_154,37,114,31,4.937274298213562,0
Movie_155,52,159,65,9.137428250443735,1
Movie_156,155,140,21,4.134299203209704,0
Movie_157,66,120,54,5.625905402438297,0
Movie_158,220,179,27,8.052877114670288,0
Movie_159,41,112,45,4.568885040891431,0
Movie_160,103,147,93,6.598780302050861,1
Movie_161,176,112,53,8.761273378720706,1
Movie_162,108,93,26,9.54568561291878,0
Movie_163,218,100,87,2.323661328361341,0
Movie_164,223,127,77,9.339288626453449,1
Movie_165,39,99,94,5.429046637715844,0
Movie_166,197,87,48,3.324199494690625,0
Movie_167,231,86,55,5.132221806144352,0
Movie_168,105,146,40,9.820293177569294,0
Movie_169,179,96,55,5.4335628459358265,0
Movie_170,210,112,29,3.958764492587574,0
Movie_171,135,127,92,6.700607688850532,1
Movie_172,5,155,43,3.1613105690037377,0
Movie_173,9,138,83,1.6827699529779752,0
Movie_174,222,165,68,2.159917497195843,0
Movie_175,146,101,55,2.152412550619952,0
Movie_176,107,109,43,2.3671242416106493,0
Movie_177,31,117,42,2.2494445538446914,0
Movie_178,141,130,81,6.767872703228932,1
Movie_179,211,133,56,2.6369207595923037,0
Movie_180,19,87,31,4.111005549914768,0
Movie_181,94,106,74,9.071095689154106,1
Movie_182,46,106,32,5.265654762365851,0
Movie_183,128,177,42,7.008019646689244,0
Movie_184,209,100,49,2.5508788408146685,0
Movie_185,183,109,36,2.730601169278037,0
Movie_186,67,176,81,1.3678175463983098,0
Movie_187,100,107,32,2.520415567649481,0
Movie_188,235,143,78,3.5073130512876274,0
Movie_189,245,176,38,2.5930943584907213,0
Movie_190,56,148,68,1.7983228038135004,0
Movie_191,100,140,31,2.085722839905407,0
Movie_192,136,127,80,5.147008912294532,0
Movie_193,226,98,38,2.8570034656521326,0
Movie_194,233,83,95,4.278428749432679,0
Movie_195,155,114,28,5.530755437693712,0
Movie_196,235,143,90,7.213553457664288,1
Movie_197,241,128,47,1.3538092585698904,0
Movie_198,147,96,97,8.194693590181384,1
Movie_199,175,123,71,6.6511035054181695,1
